"Datum";"Cas";"Cena_Spot";"Tarif";"Cena_Konecna"
"2026-10-05";"00:00";"139.66";"NT";"3.03"
"2026-10-05";"01:00";"164.68";"NT";"3.03"
"2026-10-05";"02:00";"154.41";"NT";"3.03"
"2026-10-05";"03:00";"131.95";"NT";"3.03"
"2026-10-05";"04:00";"132.08";"NT";"3.03"
"2026-10-05";"05:00";"137.79";"VT";"5.62"
"2026-10-05";"06:00";"138.22";"VT";"5.62"
"2026-10-05";"07:00";"165";"VT";"5.62"
"2026-10-05";"08:00";"250.31";"VT";"5.62"
"2026-10-05";"09:00";"228.17";"VT";"5.62"
"2026-10-05";"10:00";"140";"VT";"5.62"
"2026-10-05";"11:00";"137.07";"VT";"5.62"
"2026-10-05";"12:00";"90.68";"VT";"5.62"
"2026-10-05";"13:00";"47.35";"VT";"5.62"
"2026-10-05";"14:00";"40.15";"VT";"5.62"
"2026-10-05";"15:00";"66.4";"VT";"5.62"
"2026-10-05";"16:00";"86.08";"VT";"5.62"
"2026-10-05";"17:00";"120.53";"VT";"5.62"
"2026-10-05";"18:00";"143.6";"NT";"3.03"
"2026-10-05";"19:00";"222.54";"NT";"3.03"
"2026-10-05";"20:00";"232.68";"VT";"5.62"
"2026-10-05";"21:00";"176";"VT";"5.62"
"2026-10-05";"22:00";"195.05";"VT";"5.62"
"2026-10-05";"23:00";"177.7";"NT";"3.03"
"2026-10-06";"00:00";"112";"NT";"3.03"
"2026-10-06";"01:00";"110.16";"NT";"3.03"
"2026-10-06";"02:00";"129.6";"NT";"3.03"
"2026-10-06";"03:00";"101.43";"NT";"3.03"
"2026-10-06";"04:00";"86.99";"NT";"3.03"
"2026-10-06";"05:00";"81.15";"VT";"5.62"
"2026-10-06";"06:00";"171.49";"VT";"5.62"
"2026-10-06";"07:00";"160.6";"VT";"5.62"
"2026-10-06";"08:00";"281.5";"VT";"5.62"
"2026-10-06";"09:00";"259";"VT";"5.62"
"2026-10-06";"10:00";"144.05";"VT";"5.62"
"2026-10-06";"11:00";"118.53";"VT";"5.62"
"2026-10-06";"12:00";"103.61";"VT";"5.62"
"2026-10-06";"13:00";"102.74";"VT";"5.62"
"2026-10-06";"14:00";"105.98";"VT";"5.62"
"2026-10-06";"15:00";"144.32";"VT";"5.62"
"2026-10-06";"16:00";"155.77";"VT";"5.62"
"2026-10-06";"17:00";"188.87";"VT";"5.62"
"2026-10-06";"18:00";"267.92";"NT";"3.03"
"2026-10-06";"19:00";"391.21";"NT";"3.03"
"2026-10-06";"20:00";"343.76";"VT";"5.62"
"2026-10-06";"21:00";"274.7";"VT";"5.62"
"2026-10-06";"22:00";"222.87";"VT";"5.62"
"2026-10-06";"23:00";"208.35";"NT";"3.03"
